<?xml version="1.0" encoding="UTF-8"?>
<beans xmlns="http://www.springframework.org/schema/beans"
	xmlns:xsi="http://www.w3.org/2001/XMLSchema-instance"
	xmlns:context="http://www.springframework.org/schema/context"
	xmlns:mvc="http://www.springframework.org/schema/mvc"
	xsi:schemaLocation="http://www.springframework.org/schema/mvc http://www.springframework.org/schema/mvc/spring-mvc.xsd
		http://www.springframework.org/schema/beans http://www.springframework.org/schema/beans/spring-beans.xsd
		http://www.springframework.org/schema/context http://www.springframework.org/schema/context/spring-context-4.3.xsd">



	<context:component-scan
		base-package="com.mycompany.webapp">
		
		<!-- 관리 빈에서 제외될 Annotation -->
		<context:exclude-filter
			type="annotation"
			expression="org.springframework.stereotype.Service"/>
			
		<context:exclude-filter
		type="annotation"
		expression="org.springframework.stereotype.Repository"/>
	</context:component-scan>
	
	
	<mvc:annotation-driven/>
	
	<mvc:resources location="/resources/" mapping="/resources/**"/>
	
	<bean id="viewResolver"
		class = "org.springframework.web.servlet.view.InternalResourceViewResolver">
			<property name="prefix" value="/WEB-INF/views/" />
			<property name="suffix" value=".jsp" />
		</bean>
	
	
	<!-- 
	<context:component-scan base-package="com.mycompany"/> 어디서부터 찾기 시작하는지 찾는다 이 때 다른 패키지와 같은 패키지면 안된다
	return 되는 값의 앞과 뒤에 경로를 붙이는 역할 -> "/WEB-INF/views/dispatcher1/..../.jsp
	<bean id = "viewResolver"
		class = "org.springframework.web.servlet.view.InternalResourceViewResolver">
			<property name="prefix" value="/WEB-INF/views/"></property>
			<property name="suffix" value=".jsp"></property>
		</bean> -->
	
</beans>
