<?xml version="1.0" encoding="UTF-8"?>

<!DOCTYPE log4j:configuration PUBLIC "-//APACHE//DTD LOG4J 1.2//EN" "http://logging.apache.org/log4j/1.2/apidocs/org/apache/log4j/xml/doc-files/log4j.dtd">

<log4j:configuration xmlns:log4j="http://jakarta.apache.org/log4j/">
	<appender name="console" class="org.apache.log4j.ConsoleAppender">
		<param name="Target" value="System.out" />
		<layout class="org.apache.log4j.PatternLayout">
			<param name="ConversionPattern" value="%-5p: %c.%M() - %m%n" />
		</layout>
	</appender>


	<!-- 어디에 있는 누구에게 어느정도의 레벨을 출력할것인가 -->
	<!-- 개발끝나면 error 로 수정 개발중에는 info -->
	<logger name="com.mycompany">
		<level value="info" />
	</logger>	
	
	<!-- SQL 로깅 -->
	<!-- <logger name="jdbc.sqltiming">
		<level value="info" />
	</logger> -->


	<!-- 기본적인 logger레벨 -->
	<root>
		<priority value="warn" />
		<appender-ref ref="console" />
	</root>
</log4j:configuration>

